Country/Region,Date,Confirmed,Deaths,Recovered,Active,Daily_Cases,Week
India,2020-01-22,0,0,0,0,0.0,2020-01-20/2020-01-26
India,2020-01-23,0,0,0,0,0.0,2020-01-20/2020-01-26
India,2020-01-24,0,0,0,0,0.0,2020-01-20/2020-01-26
India,2020-01-25,0,0,0,0,0.0,2020-01-20/2020-01-26
India,2020-01-26,0,0,0,0,0.0,2020-01-20/2020-01-26
India,2020-01-27,0,0,0,0,0.0,2020-01-27/2020-02-02
India,2020-01-28,0,0,0,0,0.0,2020-01-27/2020-02-02
India,2020-01-29,0,0,0,0,0.0,2020-01-27/2020-02-02
India,2020-01-30,1,0,0,1,1.0,2020-01-27/2020-02-02
India,2020-01-31,1,0,0,1,0.0,2020-01-27/2020-02-02
India,2020-02-01,1,0,0,1,0.0,2020-01-27/2020-02-02
India,2020-02-02,2,0,0,2,1.0,2020-01-27/2020-02-02
India,2020-02-03,3,0,0,3,1.0,2020-02-03/2020-02-09
India,2020-02-04,3,0,0,3,0.0,2020-02-03/2020-02-09
India,2020-02-05,3,0,0,3,0.0,2020-02-03/2020-02-09
India,2020-02-06,3,0,0,3,0.0,2020-02-03/2020-02-09
India,2020-02-07,3,0,0,3,0.0,2020-02-03/2020-02-09
India,2020-02-08,3,0,0,3,0.0,2020-02-03/2020-02-09
India,2020-02-09,3,0,0,3,0.0,2020-02-03/2020-02-09
India,2020-02-10,3,0,0,3,0.0,2020-02-10/2020-02-16
India,2020-02-11,3,0,0,3,0.0,2020-02-10/2020-02-16
India,2020-02-12,3,0,0,3,0.0,2020-02-10/2020-02-16
India,2020-02-13,3,0,0,3,0.0,2020-02-10/2020-02-16
India,2020-02-14,3,0,0,3,0.0,2020-02-10/2020-02-16
India,2020-02-15,3,0,0,3,0.0,2020-02-10/2020-02-16
India,2020-02-16,3,0,3,0,0.0,2020-02-10/2020-02-16
India,2020-02-17,3,0,3,0,0.0,2020-02-17/2020-02-23
India,2020-02-18,3,0,3,0,0.0,2020-02-17/2020-02-23
India,2020-02-19,3,0,3,0,0.0,2020-02-17/2020-02-23
India,2020-02-20,3,0,3,0,0.0,2020-02-17/2020-02-23
India,2020-02-21,3,0,3,0,0.0,2020-02-17/2020-02-23
India,2020-02-22,3,0,3,0,0.0,2020-02-17/2020-02-23
India,2020-02-23,3,0,3,0,0.0,2020-02-17/2020-02-23
India,2020-02-24,3,0,3,0,0.0,2020-02-24/2020-03-01
India,2020-02-25,3,0,3,0,0.0,2020-02-24/2020-03-01
India,2020-02-26,3,0,3,0,0.0,2020-02-24/2020-03-01
India,2020-02-27,3,0,3,0,0.0,2020-02-24/2020-03-01
India,2020-02-28,3,0,3,0,0.0,2020-02-24/2020-03-01
India,2020-02-29,3,0,3,0,0.0,2020-02-24/2020-03-01
India,2020-03-01,3,0,3,0,0.0,2020-02-24/2020-03-01
India,2020-03-02,5,0,3,2,2.0,2020-03-02/2020-03-08
India,2020-03-03,5,0,3,2,0.0,2020-03-02/2020-03-08
India,2020-03-04,28,0,3,25,23.0,2020-03-02/2020-03-08
India,2020-03-05,30,0,3,27,2.0,2020-03-02/2020-03-08
India,2020-03-06,31,0,3,28,1.0,2020-03-02/2020-03-08
India,2020-03-07,34,0,3,31,3.0,2020-03-02/2020-03-08
India,2020-03-08,39,0,3,36,5.0,2020-03-02/2020-03-08
India,2020-03-09,43,0,3,40,4.0,2020-03-09/2020-03-15
India,2020-03-10,56,0,4,52,13.0,2020-03-09/2020-03-15
India,2020-03-11,62,1,4,57,6.0,2020-03-09/2020-03-15
India,2020-03-12,73,1,4,68,11.0,2020-03-09/2020-03-15
India,2020-03-13,82,2,4,76,9.0,2020-03-09/2020-03-15
India,2020-03-14,102,2,4,96,20.0,2020-03-09/2020-03-15
India,2020-03-15,113,2,13,98,11.0,2020-03-09/2020-03-15
India,2020-03-16,119,2,13,104,6.0,2020-03-16/2020-03-22
India,2020-03-17,142,3,14,125,23.0,2020-03-16/2020-03-22
India,2020-03-18,156,3,14,139,14.0,2020-03-16/2020-03-22
India,2020-03-19,194,4,15,175,38.0,2020-03-16/2020-03-22
India,2020-03-20,244,5,20,219,50.0,2020-03-16/2020-03-22
India,2020-03-21,330,4,23,303,86.0,2020-03-16/2020-03-22
India,2020-03-22,396,7,27,362,66.0,2020-03-16/2020-03-22
India,2020-03-23,499,10,27,462,103.0,2020-03-23/2020-03-29
India,2020-03-24,536,10,40,486,37.0,2020-03-23/2020-03-29
India,2020-03-25,657,12,43,602,121.0,2020-03-23/2020-03-29
India,2020-03-26,727,20,45,662,70.0,2020-03-23/2020-03-29
India,2020-03-27,887,20,73,794,160.0,2020-03-23/2020-03-29
India,2020-03-28,987,24,84,879,100.0,2020-03-23/2020-03-29
India,2020-03-29,1024,27,95,902,37.0,2020-03-23/2020-03-29
India,2020-03-30,1251,32,102,1117,227.0,2020-03-30/2020-04-05
India,2020-03-31,1397,35,123,1239,146.0,2020-03-30/2020-04-05
India,2020-04-01,1998,58,148,1792,601.0,2020-03-30/2020-04-05
India,2020-04-02,2543,72,191,2280,545.0,2020-03-30/2020-04-05
India,2020-04-03,2567,72,192,2303,24.0,2020-03-30/2020-04-05
India,2020-04-04,3082,86,229,2767,515.0,2020-03-30/2020-04-05
India,2020-04-05,3588,99,229,3260,506.0,2020-03-30/2020-04-05
India,2020-04-06,4778,136,375,4267,1190.0,2020-04-06/2020-04-12
India,2020-04-07,5311,150,421,4740,533.0,2020-04-06/2020-04-12
India,2020-04-08,5916,178,506,5232,605.0,2020-04-06/2020-04-12
India,2020-04-09,6725,226,620,5879,809.0,2020-04-06/2020-04-12
India,2020-04-10,7598,246,774,6578,873.0,2020-04-06/2020-04-12
India,2020-04-11,8446,288,969,7189,848.0,2020-04-06/2020-04-12
India,2020-04-12,9205,331,1080,7794,759.0,2020-04-06/2020-04-12
India,2020-04-13,10453,358,1181,8914,1248.0,2020-04-13/2020-04-19
India,2020-04-14,11487,393,1359,9735,1034.0,2020-04-13/2020-04-19
India,2020-04-15,12322,405,1432,10485,835.0,2020-04-13/2020-04-19
India,2020-04-16,13430,448,1768,11214,1108.0,2020-04-13/2020-04-19
India,2020-04-17,14352,486,2041,11825,922.0,2020-04-13/2020-04-19
India,2020-04-18,15722,521,2463,12738,1370.0,2020-04-13/2020-04-19
India,2020-04-19,17615,559,2854,14202,1893.0,2020-04-13/2020-04-19
India,2020-04-20,18539,592,3273,14674,924.0,2020-04-20/2020-04-26
India,2020-04-21,20080,645,3975,15460,1541.0,2020-04-20/2020-04-26
India,2020-04-22,21370,681,4370,16319,1290.0,2020-04-20/2020-04-26
India,2020-04-23,23077,721,5012,17344,1707.0,2020-04-20/2020-04-26
India,2020-04-24,24530,780,5498,18252,1453.0,2020-04-20/2020-04-26
India,2020-04-25,26283,825,5939,19519,1753.0,2020-04-20/2020-04-26
India,2020-04-26,27890,881,6523,20486,1607.0,2020-04-20/2020-04-26
India,2020-04-27,29451,939,7137,21375,1561.0,2020-04-27/2020-05-03
India,2020-04-28,31324,1008,7747,22569,1873.0,2020-04-27/2020-05-03
India,2020-04-29,33062,1079,8437,23546,1738.0,2020-04-27/2020-05-03
India,2020-04-30,34863,1154,9068,24641,1801.0,2020-04-27/2020-05-03
India,2020-05-01,37257,1223,10007,26027,2394.0,2020-04-27/2020-05-03
India,2020-05-02,39699,1323,10819,27557,2442.0,2020-04-27/2020-05-03
India,2020-05-03,42505,1391,11775,29339,2806.0,2020-04-27/2020-05-03
India,2020-05-04,46437,1566,12847,32024,3932.0,2020-05-04/2020-05-10
India,2020-05-05,49400,1693,14142,33565,2963.0,2020-05-04/2020-05-10
India,2020-05-06,52987,1785,15331,35871,3587.0,2020-05-04/2020-05-10
India,2020-05-07,56351,1889,16776,37686,3364.0,2020-05-04/2020-05-10
India,2020-05-08,59695,1985,17887,39823,3344.0,2020-05-04/2020-05-10
India,2020-05-09,62808,2101,19301,41406,3113.0,2020-05-04/2020-05-10
India,2020-05-10,67161,2212,20969,43980,4353.0,2020-05-04/2020-05-10
India,2020-05-11,70768,2294,22549,45925,3607.0,2020-05-11/2020-05-17
India,2020-05-12,74292,2415,24420,47457,3524.0,2020-05-11/2020-05-17
India,2020-05-13,78055,2551,26400,49104,3763.0,2020-05-11/2020-05-17
India,2020-05-14,81997,2649,27969,51379,3942.0,2020-05-11/2020-05-17
India,2020-05-15,85784,2753,30258,52773,3787.0,2020-05-11/2020-05-17
India,2020-05-16,90648,2871,34224,53553,4864.0,2020-05-11/2020-05-17
India,2020-05-17,95698,3025,36795,55878,5050.0,2020-05-11/2020-05-17
India,2020-05-18,100328,3156,39233,57939,4630.0,2020-05-18/2020-05-24
India,2020-05-19,106475,3302,42309,60864,6147.0,2020-05-18/2020-05-24
India,2020-05-20,112028,3434,45422,63172,5553.0,2020-05-18/2020-05-24
India,2020-05-21,118226,3584,48553,66089,6198.0,2020-05-18/2020-05-24
India,2020-05-22,124794,3726,51824,69244,6568.0,2020-05-18/2020-05-24
India,2020-05-23,131423,3868,54385,73170,6629.0,2020-05-18/2020-05-24
India,2020-05-24,138536,4024,57692,76820,7113.0,2020-05-18/2020-05-24
India,2020-05-25,144950,4172,60706,80072,6414.0,2020-05-25/2020-05-31
India,2020-05-26,150793,4344,64277,82172,5843.0,2020-05-25/2020-05-31
India,2020-05-27,158086,4534,67749,85803,7293.0,2020-05-25/2020-05-31
India,2020-05-28,165386,4711,70920,89755,7300.0,2020-05-25/2020-05-31
India,2020-05-29,173491,4980,82627,85884,8105.0,2020-05-25/2020-05-31
India,2020-05-30,181827,5185,86936,89706,8336.0,2020-05-25/2020-05-31
India,2020-05-31,190609,5408,91852,93349,8782.0,2020-05-25/2020-05-31
India,2020-06-01,198370,5608,95754,97008,7761.0,2020-06-01/2020-06-07
India,2020-06-02,207191,5829,100285,101077,8821.0,2020-06-01/2020-06-07
India,2020-06-03,216824,6088,104071,106665,9633.0,2020-06-01/2020-06-07
India,2020-06-04,226713,6363,108450,111900,9889.0,2020-06-01/2020-06-07
India,2020-06-05,236184,6649,113233,116302,9471.0,2020-06-01/2020-06-07
India,2020-06-06,246622,6946,118695,120981,10438.0,2020-06-01/2020-06-07
India,2020-06-07,257486,7207,123848,126431,10864.0,2020-06-01/2020-06-07
India,2020-06-08,265928,7473,129095,129360,8442.0,2020-06-08/2020-06-14
India,2020-06-09,276146,7750,134670,133726,10218.0,2020-06-08/2020-06-14
India,2020-06-10,286605,8102,135206,143297,10459.0,2020-06-08/2020-06-14
India,2020-06-11,297535,8498,147195,141842,10930.0,2020-06-08/2020-06-14
India,2020-06-12,308993,8884,154330,145779,11458.0,2020-06-08/2020-06-14
India,2020-06-13,320922,9195,162379,149348,11929.0,2020-06-08/2020-06-14
India,2020-06-14,332424,9520,169798,153106,11502.0,2020-06-08/2020-06-14
India,2020-06-15,343091,9900,180013,153178,10667.0,2020-06-15/2020-06-21
India,2020-06-16,354065,11903,186935,155227,10974.0,2020-06-15/2020-06-21
India,2020-06-17,366946,12237,194325,160384,12881.0,2020-06-15/2020-06-21
India,2020-06-18,380532,12573,204711,163248,13586.0,2020-06-15/2020-06-21
India,2020-06-19,395048,12948,213831,168269,14516.0,2020-06-15/2020-06-21
India,2020-06-20,410451,13254,227728,169469,15403.0,2020-06-15/2020-06-21
India,2020-06-21,425282,13699,237196,174387,14831.0,2020-06-15/2020-06-21
India,2020-06-22,440215,14011,248190,178014,14933.0,2020-06-22/2020-06-28
India,2020-06-23,456183,14476,258685,183022,15968.0,2020-06-22/2020-06-28
India,2020-06-24,473105,14894,271697,186514,16922.0,2020-06-22/2020-06-28
India,2020-06-25,490401,15301,285637,189463,17296.0,2020-06-22/2020-06-28
India,2020-06-26,508953,15685,295881,197387,18552.0,2020-06-22/2020-06-28
India,2020-06-27,528859,16095,309713,203051,19906.0,2020-06-22/2020-06-28
India,2020-06-28,548318,16475,321723,210120,19459.0,2020-06-22/2020-06-28
India,2020-06-29,566840,16893,334822,215125,18522.0,2020-06-29/2020-07-05
India,2020-06-30,585481,17400,347912,220169,18641.0,2020-06-29/2020-07-05
India,2020-07-01,604641,17834,359860,226947,19160.0,2020-06-29/2020-07-05
India,2020-07-02,625544,18213,379892,227439,20903.0,2020-06-29/2020-07-05
India,2020-07-03,648315,18655,394227,235433,22771.0,2020-06-29/2020-07-05
India,2020-07-04,673165,19268,409083,244814,24850.0,2020-06-29/2020-07-05
India,2020-07-05,697413,19693,424433,253287,24248.0,2020-06-29/2020-07-05
India,2020-07-06,719664,20159,439934,259571,22251.0,2020-07-06/2020-07-12
India,2020-07-07,742417,20642,456831,264944,22753.0,2020-07-06/2020-07-12
India,2020-07-08,767296,21129,476378,269789,24879.0,2020-07-06/2020-07-12
India,2020-07-09,793802,21604,495513,276685,26506.0,2020-07-06/2020-07-12
India,2020-07-10,820916,22123,515386,283407,27114.0,2020-07-06/2020-07-12
India,2020-07-11,849522,22673,534618,292231,28606.0,2020-07-06/2020-07-12
India,2020-07-12,878254,23174,553471,301609,28732.0,2020-07-06/2020-07-12
India,2020-07-13,906752,23727,571460,311565,28498.0,2020-07-13/2020-07-19
India,2020-07-14,936181,24309,592032,319840,29429.0,2020-07-13/2020-07-19
India,2020-07-15,968857,24914,612768,331175,32676.0,2020-07-13/2020-07-19
India,2020-07-16,1003832,25602,635757,342473,34975.0,2020-07-13/2020-07-19
India,2020-07-17,1039084,26273,653751,359060,35252.0,2020-07-13/2020-07-19
India,2020-07-18,1077781,26816,677423,373542,38697.0,2020-07-13/2020-07-19
India,2020-07-19,1118206,27497,700087,390622,40425.0,2020-07-13/2020-07-19
India,2020-07-20,1155338,28082,724578,402678,37132.0,2020-07-20/2020-07-26
India,2020-07-21,1193078,28732,753050,411296,37740.0,2020-07-20/2020-07-26
India,2020-07-22,1238798,29861,782607,426330,45720.0,2020-07-20/2020-07-26
India,2020-07-23,1288108,30601,817209,440298,49310.0,2020-07-20/2020-07-26
India,2020-07-24,1337024,31358,849432,456234,48916.0,2020-07-20/2020-07-26
India,2020-07-25,1385635,32060,885573,468002,48611.0,2020-07-20/2020-07-26
India,2020-07-26,1435616,32771,917568,485277,49981.0,2020-07-20/2020-07-26
India,2020-07-27,1480073,33408,951166,495499,44457.0,2020-07-27/2020-08-02
South Africa,2020-01-22,0,0,0,0,0.0,2020-01-20/2020-01-26
South Africa,2020-01-23,0,0,0,0,0.0,2020-01-20/2020-01-26
South Africa,2020-01-24,0,0,0,0,0.0,2020-01-20/2020-01-26
South Africa,2020-01-25,0,0,0,0,0.0,2020-01-20/2020-01-26
South Africa,2020-01-26,0,0,0,0,0.0,2020-01-20/2020-01-26
South Africa,2020-01-27,0,0,0,0,0.0,2020-01-27/2020-02-02
South Africa,2020-01-28,0,0,0,0,0.0,2020-01-27/2020-02-02
South Africa,2020-01-29,0,0,0,0,0.0,2020-01-27/2020-02-02
South Africa,2020-01-30,0,0,0,0,0.0,2020-01-27/2020-02-02
South Africa,2020-01-31,0,0,0,0,0.0,2020-01-27/2020-02-02
South Africa,2020-02-01,0,0,0,0,0.0,2020-01-27/2020-02-02
South Africa,2020-02-02,0,0,0,0,0.0,2020-01-27/2020-02-02
South Africa,2020-02-03,0,0,0,0,0.0,2020-02-03/2020-02-09
South Africa,2020-02-04,0,0,0,0,0.0,2020-02-03/2020-02-09
South Africa,2020-02-05,0,0,0,0,0.0,2020-02-03/2020-02-09
South Africa,2020-02-06,0,0,0,0,0.0,2020-02-03/2020-02-09
South Africa,2020-02-07,0,0,0,0,0.0,2020-02-03/2020-02-09
South Africa,2020-02-08,0,0,0,0,0.0,2020-02-03/2020-02-09
South Africa,2020-02-09,0,0,0,0,0.0,2020-02-03/2020-02-09
South Africa,2020-02-10,0,0,0,0,0.0,2020-02-10/2020-02-16
South Africa,2020-02-11,0,0,0,0,0.0,2020-02-10/2020-02-16
South Africa,2020-02-12,0,0,0,0,0.0,2020-02-10/2020-02-16
South Africa,2020-02-13,0,0,0,0,0.0,2020-02-10/2020-02-16
South Africa,2020-02-14,0,0,0,0,0.0,2020-02-10/2020-02-16
South Africa,2020-02-15,0,0,0,0,0.0,2020-02-10/2020-02-16
South Africa,2020-02-16,0,0,0,0,0.0,2020-02-10/2020-02-16
South Africa,2020-02-17,0,0,0,0,0.0,2020-02-17/2020-02-23
South Africa,2020-02-18,0,0,0,0,0.0,2020-02-17/2020-02-23
South Africa,2020-02-19,0,0,0,0,0.0,2020-02-17/2020-02-23
South Africa,2020-02-20,0,0,0,0,0.0,2020-02-17/2020-02-23
South Africa,2020-02-21,0,0,0,0,0.0,2020-02-17/2020-02-23
South Africa,2020-02-22,0,0,0,0,0.0,2020-02-17/2020-02-23
South Africa,2020-02-23,0,0,0,0,0.0,2020-02-17/2020-02-23
South Africa,2020-02-24,0,0,0,0,0.0,2020-02-24/2020-03-01
South Africa,2020-02-25,0,0,0,0,0.0,2020-02-24/2020-03-01
South Africa,2020-02-26,0,0,0,0,0.0,2020-02-24/2020-03-01
South Africa,2020-02-27,0,0,0,0,0.0,2020-02-24/2020-03-01
South Africa,2020-02-28,0,0,0,0,0.0,2020-02-24/2020-03-01
South Africa,2020-02-29,0,0,0,0,0.0,2020-02-24/2020-03-01
South Africa,2020-03-01,0,0,0,0,0.0,2020-02-24/2020-03-01
South Africa,2020-03-02,0,0,0,0,0.0,2020-03-02/2020-03-08
South Africa,2020-03-03,0,0,0,0,0.0,2020-03-02/2020-03-08
South Africa,2020-03-04,0,0,0,0,0.0,2020-03-02/2020-03-08
South Africa,2020-03-05,1,0,0,1,1.0,2020-03-02/2020-03-08
South Africa,2020-03-06,1,0,0,1,0.0,2020-03-02/2020-03-08
South Africa,2020-03-07,1,0,0,1,0.0,2020-03-02/2020-03-08
South Africa,2020-03-08,3,0,0,3,2.0,2020-03-02/2020-03-08
South Africa,2020-03-09,3,0,0,3,0.0,2020-03-09/2020-03-15
South Africa,2020-03-10,7,0,0,7,4.0,2020-03-09/2020-03-15
South Africa,2020-03-11,13,0,0,13,6.0,2020-03-09/2020-03-15
South Africa,2020-03-12,17,0,0,17,4.0,2020-03-09/2020-03-15
South Africa,2020-03-13,24,0,0,24,7.0,2020-03-09/2020-03-15
South Africa,2020-03-14,38,0,0,38,14.0,2020-03-09/2020-03-15
South Africa,2020-03-15,51,0,0,51,13.0,2020-03-09/2020-03-15
South Africa,2020-03-16,62,0,0,62,11.0,2020-03-16/2020-03-22
South Africa,2020-03-17,62,0,0,62,0.0,2020-03-16/2020-03-22
South Africa,2020-03-18,116,0,0,116,54.0,2020-03-16/2020-03-22
South Africa,2020-03-19,150,0,0,150,34.0,2020-03-16/2020-03-22
South Africa,2020-03-20,202,0,0,202,52.0,2020-03-16/2020-03-22
South Africa,2020-03-21,240,0,0,240,38.0,2020-03-16/2020-03-22
South Africa,2020-03-22,274,0,0,274,34.0,2020-03-16/2020-03-22
South Africa,2020-03-23,402,0,0,402,128.0,2020-03-23/2020-03-29
South Africa,2020-03-24,554,0,4,550,152.0,2020-03-23/2020-03-29
South Africa,2020-03-25,709,0,12,697,155.0,2020-03-23/2020-03-29
South Africa,2020-03-26,927,0,12,915,218.0,2020-03-23/2020-03-29
South Africa,2020-03-27,1170,1,31,1138,243.0,2020-03-23/2020-03-29
South Africa,2020-03-28,1187,1,31,1155,17.0,2020-03-23/2020-03-29
South Africa,2020-03-29,1280,2,31,1247,93.0,2020-03-23/2020-03-29
South Africa,2020-03-30,1326,3,31,1292,46.0,2020-03-30/2020-04-05
South Africa,2020-03-31,1353,5,31,1317,27.0,2020-03-30/2020-04-05
South Africa,2020-04-01,1380,5,50,1325,27.0,2020-03-30/2020-04-05
South Africa,2020-04-02,1462,5,50,1407,82.0,2020-03-30/2020-04-05
South Africa,2020-04-03,1505,9,95,1401,43.0,2020-03-30/2020-04-05
South Africa,2020-04-04,1585,9,95,1481,80.0,2020-03-30/2020-04-05
South Africa,2020-04-05,1655,11,95,1549,70.0,2020-03-30/2020-04-05
South Africa,2020-04-06,1686,12,95,1579,31.0,2020-04-06/2020-04-12
South Africa,2020-04-07,1749,13,95,1641,63.0,2020-04-06/2020-04-12
South Africa,2020-04-08,1845,18,95,1732,96.0,2020-04-06/2020-04-12
South Africa,2020-04-09,1934,18,95,1821,89.0,2020-04-06/2020-04-12
South Africa,2020-04-10,2003,24,410,1569,69.0,2020-04-06/2020-04-12
South Africa,2020-04-11,2028,25,410,1593,25.0,2020-04-06/2020-04-12
South Africa,2020-04-12,2173,25,410,1738,145.0,2020-04-06/2020-04-12
South Africa,2020-04-13,2272,27,410,1835,99.0,2020-04-13/2020-04-19
South Africa,2020-04-14,2415,27,410,1978,143.0,2020-04-13/2020-04-19
South Africa,2020-04-15,2506,34,410,2062,91.0,2020-04-13/2020-04-19
South Africa,2020-04-16,2605,48,903,1654,99.0,2020-04-13/2020-04-19
South Africa,2020-04-17,2783,50,903,1830,178.0,2020-04-13/2020-04-19
South Africa,2020-04-18,3034,52,903,2079,251.0,2020-04-13/2020-04-19
South Africa,2020-04-19,3158,54,903,2201,124.0,2020-04-13/2020-04-19
South Africa,2020-04-20,3300,58,1055,2187,142.0,2020-04-20/2020-04-26
South Africa,2020-04-21,3465,58,1055,2352,165.0,2020-04-20/2020-04-26
South Africa,2020-04-22,3635,65,1055,2515,170.0,2020-04-20/2020-04-26
South Africa,2020-04-23,3953,75,1473,2405,318.0,2020-04-20/2020-04-26
South Africa,2020-04-24,4220,79,1473,2668,267.0,2020-04-20/2020-04-26
South Africa,2020-04-25,4361,86,1473,2802,141.0,2020-04-20/2020-04-26
South Africa,2020-04-26,4546,87,1473,2986,185.0,2020-04-20/2020-04-26
South Africa,2020-04-27,4793,90,1473,3230,247.0,2020-04-27/2020-05-03
South Africa,2020-04-28,4996,93,2073,2830,203.0,2020-04-27/2020-05-03
South Africa,2020-04-29,5350,103,2073,3174,354.0,2020-04-27/2020-05-03
South Africa,2020-04-30,5647,103,2073,3471,297.0,2020-04-27/2020-05-03
South Africa,2020-05-01,5951,116,2382,3453,304.0,2020-04-27/2020-05-03
South Africa,2020-05-02,6336,123,2549,3664,385.0,2020-04-27/2020-05-03
South Africa,2020-05-03,6783,131,2549,4103,447.0,2020-04-27/2020-05-03
South Africa,2020-05-04,7220,138,2746,4336,437.0,2020-05-04/2020-05-10
South Africa,2020-05-05,7572,148,2746,4678,352.0,2020-05-04/2020-05-10
South Africa,2020-05-06,7808,153,3153,4502,236.0,2020-05-04/2020-05-10
South Africa,2020-05-07,8232,161,3153,4918,424.0,2020-05-04/2020-05-10
South Africa,2020-05-08,8895,178,3153,5564,663.0,2020-05-04/2020-05-10
South Africa,2020-05-09,9420,186,3983,5251,525.0,2020-05-04/2020-05-10
South Africa,2020-05-10,10015,194,4173,5648,595.0,2020-05-04/2020-05-10
South Africa,2020-05-11,10652,206,4357,6089,637.0,2020-05-11/2020-05-17
South Africa,2020-05-12,11350,206,4357,6787,698.0,2020-05-11/2020-05-17
South Africa,2020-05-13,12074,219,4745,7110,724.0,2020-05-11/2020-05-17
South Africa,2020-05-14,12739,238,5676,6825,665.0,2020-05-11/2020-05-17
South Africa,2020-05-15,13524,247,6083,7194,785.0,2020-05-11/2020-05-17
South Africa,2020-05-16,14355,261,6478,7616,831.0,2020-05-11/2020-05-17
South Africa,2020-05-17,15515,264,7006,8245,1160.0,2020-05-11/2020-05-17
South Africa,2020-05-18,16433,286,7298,8849,918.0,2020-05-18/2020-05-24
South Africa,2020-05-19,17200,312,7960,8928,767.0,2020-05-18/2020-05-24
South Africa,2020-05-20,18003,339,8950,8714,803.0,2020-05-18/2020-05-24
South Africa,2020-05-21,19137,369,8950,9818,1134.0,2020-05-18/2020-05-24
South Africa,2020-05-22,20125,397,10104,9624,988.0,2020-05-18/2020-05-24
South Africa,2020-05-23,21343,407,10104,10832,1218.0,2020-05-18/2020-05-24
South Africa,2020-05-24,22583,429,11100,11054,1240.0,2020-05-18/2020-05-24
South Africa,2020-05-25,23615,481,11917,11217,1032.0,2020-05-25/2020-05-31
South Africa,2020-05-26,24264,524,12741,10999,649.0,2020-05-25/2020-05-31
South Africa,2020-05-27,25937,552,13451,11934,1673.0,2020-05-25/2020-05-31
South Africa,2020-05-28,27403,577,14370,12456,1466.0,2020-05-25/2020-05-31
South Africa,2020-05-29,29240,611,15093,13536,1837.0,2020-05-25/2020-05-31
South Africa,2020-05-30,30967,643,16116,14208,1727.0,2020-05-25/2020-05-31
South Africa,2020-05-31,32683,683,16809,15191,1716.0,2020-05-25/2020-05-31
South Africa,2020-06-01,34357,705,17291,16361,1674.0,2020-06-01/2020-06-07
South Africa,2020-06-02,35812,755,18313,16744,1455.0,2020-06-01/2020-06-07
South Africa,2020-06-03,37525,792,19682,17051,1713.0,2020-06-01/2020-06-07
South Africa,2020-06-04,40792,848,21311,18633,3267.0,2020-06-01/2020-06-07
South Africa,2020-06-05,43434,908,23088,19438,2642.0,2020-06-01/2020-06-07
South Africa,2020-06-06,45973,952,24258,20763,2539.0,2020-06-01/2020-06-07
South Africa,2020-06-07,48285,998,24364,22923,2312.0,2020-06-01/2020-06-07
South Africa,2020-06-08,50879,1080,26099,23700,2594.0,2020-06-08/2020-06-14
South Africa,2020-06-09,52991,1162,29006,22823,2112.0,2020-06-08/2020-06-14
South Africa,2020-06-10,55421,1210,31505,22706,2430.0,2020-06-08/2020-06-14
South Africa,2020-06-11,58568,1284,33252,24032,3147.0,2020-06-08/2020-06-14
South Africa,2020-06-12,61927,1354,35006,25567,3359.0,2020-06-08/2020-06-14
South Africa,2020-06-13,65736,1423,36850,27463,3809.0,2020-06-08/2020-06-14
South Africa,2020-06-14,70038,1480,38531,30027,4302.0,2020-06-08/2020-06-14
South Africa,2020-06-15,73533,1568,39867,32098,3495.0,2020-06-15/2020-06-21
South Africa,2020-06-16,76334,1625,42063,32646,2801.0,2020-06-15/2020-06-21
South Africa,2020-06-17,80412,1674,44331,34407,4078.0,2020-06-15/2020-06-21
South Africa,2020-06-18,83890,1737,44920,37233,3478.0,2020-06-15/2020-06-21
South Africa,2020-06-19,87715,1831,47825,38059,3825.0,2020-06-15/2020-06-21
South Africa,2020-06-20,92681,1877,50326,40478,4966.0,2020-06-15/2020-06-21
South Africa,2020-06-21,97302,1930,51608,43764,4621.0,2020-06-15/2020-06-21
South Africa,2020-06-22,101590,1991,53444,46155,4288.0,2020-06-22/2020-06-28
South Africa,2020-06-23,106108,2102,55045,48961,4518.0,2020-06-22/2020-06-28
South Africa,2020-06-24,111796,2205,56874,52717,5688.0,2020-06-22/2020-06-28
South Africa,2020-06-25,118375,2292,59974,56109,6579.0,2020-06-22/2020-06-28
South Africa,2020-06-26,124590,2340,64111,58139,6215.0,2020-06-22/2020-06-28
South Africa,2020-06-27,131800,2413,67094,62293,7210.0,2020-06-22/2020-06-28
South Africa,2020-06-28,138134,2456,68925,66753,6334.0,2020-06-22/2020-06-28
South Africa,2020-06-29,144264,2529,70614,71121,6130.0,2020-06-29/2020-07-05
South Africa,2020-06-30,151209,2657,73543,75009,6945.0,2020-06-29/2020-07-05
South Africa,2020-07-01,159333,2749,76025,80559,8124.0,2020-06-29/2020-07-05
South Africa,2020-07-02,168061,2844,81999,83218,8728.0,2020-06-29/2020-07-05
South Africa,2020-07-03,177124,2952,86298,87874,9063.0,2020-06-29/2020-07-05
South Africa,2020-07-04,187977,3026,91227,93724,10853.0,2020-06-29/2020-07-05
South Africa,2020-07-05,196750,3199,93315,100236,8773.0,2020-06-29/2020-07-05
South Africa,2020-07-06,205721,3310,97848,104563,8971.0,2020-07-06/2020-07-12
South Africa,2020-07-07,215855,3502,102299,110054,10134.0,2020-07-06/2020-07-12
South Africa,2020-07-08,224665,3602,106842,114221,8810.0,2020-07-06/2020-07-12
South Africa,2020-07-09,238339,3720,113061,121558,13674.0,2020-07-06/2020-07-12
South Africa,2020-07-10,250687,3860,118232,128595,12348.0,2020-07-06/2020-07-12
South Africa,2020-07-11,264184,3971,127715,132498,13497.0,2020-07-06/2020-07-12
South Africa,2020-07-12,276242,4079,134874,137289,12058.0,2020-07-06/2020-07-12
South Africa,2020-07-13,287796,4172,138241,145383,11554.0,2020-07-13/2020-07-19
South Africa,2020-07-14,298292,4346,146279,147667,10496.0,2020-07-13/2020-07-19
South Africa,2020-07-15,311049,4453,160693,145903,12757.0,2020-07-13/2020-07-19
South Africa,2020-07-16,324221,4669,165591,153961,13172.0,2020-07-13/2020-07-19
South Africa,2020-07-17,337594,4804,178183,154607,13373.0,2020-07-13/2020-07-19
South Africa,2020-07-18,350879,4948,182230,163701,13285.0,2020-07-13/2020-07-19
South Africa,2020-07-19,364328,5033,191059,168236,13449.0,2020-07-13/2020-07-19
South Africa,2020-07-20,373628,5173,194865,173590,9300.0,2020-07-20/2020-07-26
South Africa,2020-07-21,381798,5368,208144,168286,8170.0,2020-07-20/2020-07-26
South Africa,2020-07-22,394948,5940,229175,159833,13150.0,2020-07-20/2020-07-26
South Africa,2020-07-23,408052,6093,236260,165699,13104.0,2020-07-20/2020-07-26
South Africa,2020-07-24,421996,6343,245771,169882,13944.0,2020-07-20/2020-07-26
South Africa,2020-07-25,434200,6655,263054,164491,12204.0,2020-07-20/2020-07-26
South Africa,2020-07-26,445433,6769,265077,173587,11233.0,2020-07-20/2020-07-26
South Africa,2020-07-27,452529,7067,274925,170537,7096.0,2020-07-27/2020-08-02
US,2020-01-22,1,0,0,1,0.0,2020-01-20/2020-01-26
US,2020-01-23,1,0,0,1,0.0,2020-01-20/2020-01-26
US,2020-01-24,2,0,0,2,1.0,2020-01-20/2020-01-26
US,2020-01-25,2,0,0,2,0.0,2020-01-20/2020-01-26
US,2020-01-26,5,0,0,5,3.0,2020-01-20/2020-01-26
US,2020-01-27,5,0,0,5,0.0,2020-01-27/2020-02-02
US,2020-01-28,5,0,0,5,0.0,2020-01-27/2020-02-02
US,2020-01-29,5,0,0,5,0.0,2020-01-27/2020-02-02
US,2020-01-30,5,0,0,5,0.0,2020-01-27/2020-02-02
US,2020-01-31,7,0,0,7,2.0,2020-01-27/2020-02-02
US,2020-02-01,8,0,0,8,1.0,2020-01-27/2020-02-02
US,2020-02-02,8,0,0,8,0.0,2020-01-27/2020-02-02
US,2020-02-03,11,0,0,11,3.0,2020-02-03/2020-02-09
US,2020-02-04,11,0,0,11,0.0,2020-02-03/2020-02-09
US,2020-02-05,11,0,0,11,0.0,2020-02-03/2020-02-09
US,2020-02-06,11,0,0,11,0.0,2020-02-03/2020-02-09
US,2020-02-07,11,0,0,11,0.0,2020-02-03/2020-02-09
US,2020-02-08,11,0,0,11,0.0,2020-02-03/2020-02-09
US,2020-02-09,11,0,3,8,0.0,2020-02-03/2020-02-09
US,2020-02-10,11,0,3,8,0.0,2020-02-10/2020-02-16
US,2020-02-11,12,0,3,9,1.0,2020-02-10/2020-02-16
US,2020-02-12,12,0,3,9,0.0,2020-02-10/2020-02-16
US,2020-02-13,13,0,3,10,1.0,2020-02-10/2020-02-16
US,2020-02-14,13,0,3,10,0.0,2020-02-10/2020-02-16
US,2020-02-15,13,0,3,10,0.0,2020-02-10/2020-02-16
US,2020-02-16,13,0,3,10,0.0,2020-02-10/2020-02-16
US,2020-02-17,13,0,3,10,0.0,2020-02-17/2020-02-23
US,2020-02-18,13,0,3,10,0.0,2020-02-17/2020-02-23
US,2020-02-19,13,0,3,10,0.0,2020-02-17/2020-02-23
US,2020-02-20,13,0,3,10,0.0,2020-02-17/2020-02-23
US,2020-02-21,15,0,5,10,2.0,2020-02-17/2020-02-23
US,2020-02-22,15,0,5,10,0.0,2020-02-17/2020-02-23
US,2020-02-23,15,0,5,10,0.0,2020-02-17/2020-02-23
US,2020-02-24,15,0,5,10,0.0,2020-02-24/2020-03-01
US,2020-02-25,15,0,6,9,0.0,2020-02-24/2020-03-01
US,2020-02-26,15,0,6,9,0.0,2020-02-24/2020-03-01
US,2020-02-27,16,0,6,10,1.0,2020-02-24/2020-03-01
US,2020-02-28,16,0,7,9,0.0,2020-02-24/2020-03-01
US,2020-02-29,24,1,7,16,8.0,2020-02-24/2020-03-01
US,2020-03-01,30,1,7,22,6.0,2020-02-24/2020-03-01
US,2020-03-02,53,6,7,40,23.0,2020-03-02/2020-03-08
US,2020-03-03,73,7,7,59,20.0,2020-03-02/2020-03-08
US,2020-03-04,104,11,7,86,31.0,2020-03-02/2020-03-08
US,2020-03-05,174,12,7,155,70.0,2020-03-02/2020-03-08
US,2020-03-06,222,14,7,201,48.0,2020-03-02/2020-03-08
US,2020-03-07,337,17,7,313,115.0,2020-03-02/2020-03-08
US,2020-03-08,451,21,7,423,114.0,2020-03-02/2020-03-08
US,2020-03-09,519,22,7,490,68.0,2020-03-09/2020-03-15
US,2020-03-10,711,28,8,675,192.0,2020-03-09/2020-03-15
US,2020-03-11,1109,33,8,1068,398.0,2020-03-09/2020-03-15
US,2020-03-12,1561,43,12,1506,452.0,2020-03-09/2020-03-15
US,2020-03-13,2157,52,12,2093,596.0,2020-03-09/2020-03-15
US,2020-03-14,2870,58,12,2800,713.0,2020-03-09/2020-03-15
US,2020-03-15,2968,70,12,2886,98.0,2020-03-09/2020-03-15
US,2020-03-16,4360,97,17,4246,1392.0,2020-03-16/2020-03-22
US,2020-03-17,6141,131,17,5993,1781.0,2020-03-16/2020-03-22
US,2020-03-18,8917,188,105,8624,2776.0,2020-03-16/2020-03-22
US,2020-03-19,14157,265,121,13771,5240.0,2020-03-16/2020-03-22
US,2020-03-20,19479,362,147,18970,5322.0,2020-03-16/2020-03-22
US,2020-03-21,25825,456,176,25193,6346.0,2020-03-16/2020-03-22
US,2020-03-22,33761,601,178,32982,7936.0,2020-03-16/2020-03-22
US,2020-03-23,43850,784,178,42888,10089.0,2020-03-23/2020-03-29
US,2020-03-24,54112,1021,348,52743,10262.0,2020-03-23/2020-03-29
US,2020-03-25,66055,1333,361,64361,11943.0,2020-03-23/2020-03-29
US,2020-03-26,84091,1746,681,81664,18036.0,2020-03-23/2020-03-29
US,2020-03-27,102276,2300,869,99107,18185.0,2020-03-23/2020-03-29
US,2020-03-28,122069,2934,1072,118063,19793.0,2020-03-23/2020-03-29
US,2020-03-29,141205,3561,2665,134979,19136.0,2020-03-23/2020-03-29
US,2020-03-30,162707,4381,5644,152682,21502.0,2020-03-30/2020-04-05
US,2020-03-31,188724,5605,7024,176095,26017.0,2020-03-30/2020-04-05
US,2020-04-01,214205,6846,8474,198885,25481.0,2020-03-30/2020-04-05
US,2020-04-02,244610,8432,9001,227177,30405.0,2020-03-30/2020-04-05
US,2020-04-03,276547,9747,9707,257093,31937.0,2020-03-30/2020-04-05
US,2020-04-04,309699,11031,14652,284016,33152.0,2020-03-30/2020-04-05
US,2020-04-05,337573,12470,17448,307655,27874.0,2020-03-30/2020-04-05
US,2020-04-06,367215,14138,19581,333496,29642.0,2020-04-06/2020-04-12
US,2020-04-07,397992,16447,21763,359782,30777.0,2020-04-06/2020-04-12
US,2020-04-08,429686,18563,23559,387564,31694.0,2020-04-06/2020-04-12
US,2020-04-09,464442,20638,25410,418394,34756.0,2020-04-06/2020-04-12
US,2020-04-10,497943,22731,28790,446422,33501.0,2020-04-06/2020-04-12
US,2020-04-11,527969,24777,31270,471922,30026.0,2020-04-06/2020-04-12
US,2020-04-12,556522,26548,32988,496986,28553.0,2020-04-06/2020-04-12
US,2020-04-13,581813,28376,43482,509955,25291.0,2020-04-13/2020-04-19
US,2020-04-14,608878,30780,47763,530335,27065.0,2020-04-13/2020-04-19
US,2020-04-15,637974,33329,52096,552549,29096.0,2020-04-13/2020-04-19
US,2020-04-16,669272,35442,54703,579127,31298.0,2020-04-13/2020-04-19
US,2020-04-17,701996,38056,58545,605395,32724.0,2020-04-13/2020-04-19
US,2020-04-18,730337,40442,64840,625055,28341.0,2020-04-13/2020-04-19
US,2020-04-19,756375,41671,70337,644367,26038.0,2020-04-13/2020-04-19
US,2020-04-20,783716,43466,72329,667921,27341.0,2020-04-20/2020-04-26
US,2020-04-21,809318,45923,75204,688191,25602.0,2020-04-20/2020-04-26
US,2020-04-22,837422,48312,77366,711744,28104.0,2020-04-20/2020-04-26
US,2020-04-23,871617,50749,80203,740665,34195.0,2020-04-20/2020-04-26
US,2020-04-24,907908,52867,99079,755962,36291.0,2020-04-20/2020-04-26
US,2020-04-25,940829,54517,100372,785940,32921.0,2020-04-20/2020-04-26
US,2020-04-26,968518,55810,106988,805720,27689.0,2020-04-20/2020-04-26
US,2020-04-27,990983,57235,111424,822324,22465.0,2020-04-27/2020-05-03
US,2020-04-28,1015518,59454,115936,840128,24535.0,2020-04-27/2020-05-03
US,2020-04-29,1043038,61960,120720,860358,27520.0,2020-04-27/2020-05-03
US,2020-04-30,1072667,64256,153947,854464,29629.0,2020-04-27/2020-05-03
US,2020-05-01,1106829,66125,164015,876689,34162.0,2020-04-27/2020-05-03
US,2020-05-02,1136024,67681,175382,892961,29195.0,2020-04-27/2020-05-03
US,2020-05-03,1161611,68777,180152,912682,25587.0,2020-04-27/2020-05-03
US,2020-05-04,1184086,70086,187180,926820,22475.0,2020-05-04/2020-05-10
US,2020-05-05,1208271,72393,189791,946087,24185.0,2020-05-04/2020-05-10
US,2020-05-06,1233527,74851,189910,968766,25256.0,2020-05-04/2020-05-10
US,2020-05-07,1261409,76770,195036,989603,27882.0,2020-05-04/2020-05-10
US,2020-05-08,1288587,78497,198993,1011097,27178.0,2020-05-04/2020-05-10
US,2020-05-09,1314320,79976,212534,1021810,25733.0,2020-05-04/2020-05-10
US,2020-05-10,1334084,80855,216169,1037060,19764.0,2020-05-04/2020-05-10
US,2020-05-11,1352962,81868,232733,1038361,18878.0,2020-05-11/2020-05-17
US,2020-05-12,1375152,83483,230287,1061382,22190.0,2020-05-11/2020-05-17
US,2020-05-13,1396110,85234,243430,1067446,20958.0,2020-05-11/2020-05-17
US,2020-05-14,1423727,87008,246414,1090305,27617.0,2020-05-11/2020-05-17
US,2020-05-15,1449027,88669,250747,1109611,25300.0,2020-05-11/2020-05-17
US,2020-05-16,1474128,89892,268376,1115860,25101.0,2020-05-11/2020-05-17
US,2020-05-17,1493132,90644,272265,1130223,19004.0,2020-05-11/2020-05-17
US,2020-05-18,1514901,91414,283178,1140309,21769.0,2020-05-18/2020-05-24
US,2020-05-19,1535350,92965,289392,1152993,20449.0,2020-05-18/2020-05-24
US,2020-05-20,1559157,94533,294312,1170312,23807.0,2020-05-18/2020-05-24
US,2020-05-21,1584512,95756,298418,1190338,25355.0,2020-05-18/2020-05-24
US,2020-05-22,1608653,97025,350135,1161493,24141.0,2020-05-18/2020-05-24
US,2020-05-23,1630476,98146,361239,1171091,21823.0,2020-05-18/2020-05-24
US,2020-05-24,1651289,98754,366736,1185799,20813.0,2020-05-18/2020-05-24
US,2020-05-25,1670280,99267,379157,1191856,18991.0,2020-05-25/2020-05-31
US,2020-05-26,1689163,99952,384902,1204309,18883.0,2020-05-25/2020-05-31
US,2020-05-27,1707445,101461,391508,1214476,18282.0,2020-05-25/2020-05-31
US,2020-05-28,1730260,102643,399991,1227626,22815.0,2020-05-25/2020-05-31
US,2020-05-29,1754764,103809,406446,1244509,24504.0,2020-05-25/2020-05-31
US,2020-05-30,1779214,104778,416461,1257975,24450.0,2020-05-25/2020-05-31
US,2020-05-31,1799124,105364,444758,1249002,19910.0,2020-05-25/2020-05-31
US,2020-06-01,1816479,106136,458231,1252112,17355.0,2020-06-01/2020-06-07
US,2020-06-02,1837374,107169,463868,1266337,20895.0,2020-06-01/2020-06-07
US,2020-06-03,1857332,108159,479258,1269915,19958.0,2020-06-01/2020-06-07
US,2020-06-04,1878683,109168,485002,1284513,21351.0,2020-06-01/2020-06-07
US,2020-06-05,1903907,110138,491706,1302063,25224.0,2020-06-01/2020-06-07
US,2020-06-06,1926639,110818,500849,1314972,22732.0,2020-06-01/2020-06-07
US,2020-06-07,1944370,111269,506367,1326734,17731.0,2020-06-01/2020-06-07
US,2020-06-08,1961785,111774,518522,1331489,17415.0,2020-06-08/2020-06-14
US,2020-06-09,1979912,112714,524855,1342343,18127.0,2020-06-08/2020-06-14
US,2020-06-10,2000706,113631,533504,1353571,20794.0,2020-06-08/2020-06-14
US,2020-06-11,2023656,114512,540292,1368852,22950.0,2020-06-08/2020-06-14
US,2020-06-12,2048986,115334,547386,1386266,25330.0,2020-06-08/2020-06-14
US,2020-06-13,2074542,116084,556606,1401852,25556.0,2020-06-08/2020-06-14
US,2020-06-14,2094366,116382,561816,1416168,19824.0,2020-06-08/2020-06-14
US,2020-06-15,2114026,116773,576334,1420919,19660.0,2020-06-15/2020-06-21
US,2020-06-16,2137731,117612,583503,1436616,23705.0,2020-06-15/2020-06-21
US,2020-06-17,2163290,118363,592191,1452736,25559.0,2020-06-15/2020-06-21
US,2020-06-18,2191099,119067,599115,1472917,27809.0,2020-06-15/2020-06-21
US,2020-06-19,2222579,119739,606715,1496125,31480.0,2020-06-15/2020-06-21
US,2020-06-20,2255328,120349,617460,1517519,32749.0,2020-06-15/2020-06-21
US,2020-06-21,2281767,120604,622133,1539030,26439.0,2020-06-15/2020-06-21
US,2020-06-22,2312303,121010,640198,1551095,30536.0,2020-06-22/2020-06-28
US,2020-06-23,2347491,121847,647548,1578096,35188.0,2020-06-22/2020-06-28
US,2020-06-24,2382426,122604,656161,1603661,34935.0,2020-06-22/2020-06-28
US,2020-06-25,2422299,125026,663562,1633711,39873.0,2020-06-22/2020-06-28
US,2020-06-26,2467554,125631,670809,1671114,45255.0,2020-06-22/2020-06-28
US,2020-06-27,2510259,126120,679308,1704831,42705.0,2020-06-22/2020-06-28
US,2020-06-28,2549864,126361,685164,1738339,39605.0,2020-06-22/2020-06-28
US,2020-06-29,2590668,126711,705203,1758754,40804.0,2020-06-29/2020-07-05
US,2020-06-30,2636414,127432,720631,1788351,45746.0,2020-06-29/2020-07-05
US,2020-07-01,2687588,128105,729994,1829489,51174.0,2020-06-29/2020-07-05
US,2020-07-02,2742049,128803,781970,1831276,54461.0,2020-06-29/2020-07-05
US,2020-07-03,2795361,129442,790404,1875515,53312.0,2020-06-29/2020-07-05
US,2020-07-04,2841241,129689,894325,1817227,45880.0,2020-06-29/2020-07-05
US,2020-07-05,2891124,129960,906763,1854401,49883.0,2020-06-29/2020-07-05
US,2020-07-06,2936077,130285,924148,1881644,44953.0,2020-07-06/2020-07-12
US,2020-07-07,2996098,131480,936476,1928142,60021.0,2020-07-06/2020-07-12
US,2020-07-08,3054699,132300,953462,1968937,58601.0,2020-07-06/2020-07-12
US,2020-07-09,3117946,133290,969111,2015545,63247.0,2020-07-06/2020-07-12
US,2020-07-10,3185737,134101,983185,2068451,67791.0,2020-07-06/2020-07-12
US,2020-07-11,3245925,134777,995576,2115572,60188.0,2020-07-06/2020-07-12
US,2020-07-12,3304942,135205,1006326,2163411,59017.0,2020-07-06/2020-07-12
US,2020-07-13,3364157,135566,1031939,2196652,59215.0,2020-07-13/2020-07-19
US,2020-07-14,3431574,136466,1049098,2246010,67417.0,2020-07-13/2020-07-19
US,2020-07-15,3498902,137415,1075882,2285605,67328.0,2020-07-13/2020-07-19
US,2020-07-16,3576157,138358,1090645,2347154,77255.0,2020-07-13/2020-07-19
US,2020-07-17,3647715,139266,1107204,2401245,71558.0,2020-07-13/2020-07-19
US,2020-07-18,3711413,140119,1122720,2448574,63698.0,2020-07-13/2020-07-19
US,2020-07-19,3773260,140534,1131121,2501605,61847.0,2020-07-13/2020-07-19
US,2020-07-20,3834677,141025,1160087,2533565,61417.0,2020-07-20/2020-07-26
US,2020-07-21,3899211,142121,1182018,2575072,64534.0,2020-07-20/2020-07-26
US,2020-07-22,3970121,143316,1210849,2615956,70910.0,2020-07-20/2020-07-26
US,2020-07-23,4038816,144430,1233269,2661117,68695.0,2020-07-20/2020-07-26
US,2020-07-24,4112531,145560,1261624,2705347,73715.0,2020-07-20/2020-07-26
US,2020-07-25,4178970,146465,1279414,2753091,66439.0,2020-07-20/2020-07-26
US,2020-07-26,4233923,146935,1297863,2789125,54953.0,2020-07-20/2020-07-26
US,2020-07-27,4290259,148011,1325804,2816444,56336.0,2020-07-27/2020-08-02
